[
  {
    "date": "19/3/2013",
    "title": "test",
    "content": "test ",
    "class": "outDor  doubleOutDor  tripleOutDor        inVinn    doubleVinn   tripleVinn  vacation"
  },
  {
    "date": "19/3/2015",
    "title": "заказ по городу",
    "content": "ГОСТЕВИЯ ОМ Прайм, Корпоратив <hr> Время сбора в 18:30 ",
    "class": "inVinn"
  },
  {
    "date": "20/3/2015",
    "title": "заказ по городу",
    "content": "ГОСТЫННИЙ ПАН ОМ Прайм, День рождения 30 лет <hr> Время сбора в 18:45 ",
    "class": "inVinn "
  },
  {
    "date": "21/3/2015",
    "title": "Свадебная выста вка",
    "content": " МЕГАМОЛЛ ",
    "color": "red"
  },
  {
    "date": "22/3/2015",
    "title": "Свадебная выставка",
    "content": "МЕГАМОЛЛ ",
    "color": "red"
  },
  {
    "date": "1/4/2015",
    "title": "заказ на выезде",
    "content": "г.Умань Украина, ДР <hr>Время сбора 16:00 ",
    "class": " outDor"
  },
  {
    "date": "19/4/2015",
    "title": "заказ на выезде",
    "content": "г.Капустяны ОМ Прайм, Свадьба <hr> Время сбора 17:00 ",
    "class": "outDor"
  },
  {
    "date": "24/4/2015",
    "title": "заказ на выезде",
    "content": "г.Умань Украина, ПРАЙМ ОМ, Свадьба <hr>Время сбора 15:30 ",
    "class": " outDor"
  },
  {
    "date": "25/4/2015",
    "title": "3 заказа на выезде",
    "content": "г.Тульчин где то... Гранд ОМ, Свадьба<hr>г.Гайсын СПУТНИК ОМ Гранд, Свадьба <hr>АПРЕЛЬ Украина <hr>Время сбора 16:00 ",
    "class": " tripleOutDor "
  },

  {
    "date": "26/4/2015",
    "title": "2 заказа по городу",
    "content": "ВАГНЕС ОМ Гранд, Свадьба <hr> Гоствия Свадьба, Украина <hr> Время сбора 19:00",
    "class": "doubleVinn"
  },
  {
    "date": "2/5/2015",
    "title": "3 заказа на выезде",
    "content": "г.Погребище ОМ Прайм ДР <hr> Сказка ОМ Прайм, Свадьба <hr> Деканька Украина, Свадьба <hr>Время сбора в 17:00 ",
    "class": "tripleOutDor"
  },
  {
    "date": "3/5/2015",
    "title": "2 заказа на выезде",
    "content": "г.Бар ОМ Гранд, Свадьба <hr> г. Жмеренка ОМ Прайм, Свадьба <hr> Время сбора 18:30 ",
    "class": "doubleOutDor"
  },
  {
    "date": "9/5/2015",
    "title": "заказ на выезде",
    "content": "г.Крыжополь УКРАИНА, Свадьба <hr> Время сбора 18:00 ",
    "class": "outDor"
  },
  {
    "date": "10/5/2015",
    "title": "2 заказа на выезде",
    "content": "БЕРЕЗКИ ОМ Прайм, Свадьба <hr> РОССОХА ОМ Прайм, Свадьба <hr> Время сбора 17:00",
    "class": "doubleOutDor"
  },
  {
    "date": "15/5/2015",
    "title": "заказ по городу",
    "content": "Под Гостевией, Украина<hr> Время сбора 20:00",
    "class": "inVinn "
  },
  {
    "date": "16/5/2015",
    "title": "заказ по городу",
    "content": "Под Гостевией байкеры, Украина<hr> Время сбора 20:30",
    "class": "inVinn "
  },
  {
    "date": "17/5/2015",
    "title": "заказ на выезде",
    "content": " г.Тульчин ДОБРЯНА ОМ Гранд, Свадьба <hr> Время сбора 18:00 ",
    "class": "outDor"
  },
  {
    "date": "30/5/2015",
    "title": "заказ на выезде",
    "content": " ЛАНЫ ОМ Прайм, Свадьба <hr> Время сбора 19:00 ",
    "class": "outDor"
  },
  {
    "date": "5/6/2015",
    "title": "заказ по городу",
    "content": "Мед Подилля ОМ Гранд, Свадьба <hr> Время сбора 20:00",
    "class": "inVinn"
  },
  {
    "date": "6/6/2015",
    "title": "3 заказа на выезде",
    "content": "г. Хмельник ОМ Гранд, Свадьба, <hr> г. Хмельник Украина (Гранд), Свадьба <hr> г. Писаревка ПАН ОТАМАН ОМ Гранд, Свадьба <hr> Время сбора 17:30",
    "class": "doubleOutDor"
  },
  {
    "date": "14/6/2015",
    "title": "заказ по городу",
    "content": "ДРАЙВ Клуб ОМ Гранд, Свадьба <hr> Время сбора 21:00",
    "class": "inVinn"
  },
  {
    "date": "19/6/2015",
    "title": "заказ по городу",
    "content": "ДРАЙВ Клуб Украина, Свадьба <hr> Время сбора 19:30",
    "class": "inVinn"
  },
  {
    "date": "20/6/2015",
    "title": "2 заказа по городу",
    "content": " ШЕХЕРИЗАДА ОМ Гранд, Свадьба <hr>Апрель Украина (Гранд), Свадьба <hr> Время сбора 18:30",
    "class": "doubleVinn"
  },
  {
    "date": "21/6/2015",
    "title": "заказ по городу",
    "content": "ЭльДеФранс ОМ Гранд, Кохан <hr> Время сбора ",
    "class": "inVinn"
  },
  {
    "date": "24/6/2015",
    "title": "заказ по городу",
    "content": "Виктория ОМ Прайм, Выпуск <hr> Время сбора ",
    "class": "inVinn"
  },
  {
    "date": "28/6/2015",
    "title": "заказ за городом",
    "content": "Могилев - Подольский ОМ Гранд, Свадьба <hr> Время сбора ",
    "class": "outDor"
  },
  {
    "date": "11/7/2015",
    "title": "заказ по городу",
    "content": "Гостевия ОМ Гранд, Свадьба <hr> Время сбора ",
    "class": "inVinn"
  },
  {
    "date": "12/7/2015",
    "title": "2 заказа по городу",
    "content": "  СКАЗКА ОМ Гранд, Свадьба <hr> ДУБОВЫЙ ГАЙ Новая, Свадьба <hr> Время сбора 20:30",
    "class": "doubleVinn"
  },
  {
    "date": "18/7/2015",
    "title": "2 заказа за городом",
    "content": "  Батерфляй ОМ Прайм, Свадьба <hr> Гостевия  Гранд ОМ, Свадьба <hr> Время сбора ХЗ",
    "class": "doubleOutDor"
  },
  {
    "date": "19/7/2015",
    "title": "2 заказа за городом",
    "content": " г. Калиновка Водограй ОМ Гранд, Свадьба <hr> Гостевия  Гранд ОМ, Свадьба <hr> Время сбора ХЗ",
    "class": "doubleOutDor"
  },
  {
    "date": "24/7/2015",
    "title": "заказ по городу",
    "content": " ШЕХЕРИЗАДА ОМ Гранд, Свадьба <hr> Время сбора в 19:00 ",
    "class": "inVinn"
  },
  {
    "date": "25/7/2015",
    "title": "заказ по городу",
    "content": "СКАЗКА ОМ Гранд, Свадьба <hr> Время сбора в 20:00 ",
    "class": "inVinn"
  },
  {
    "date": "26/7/2015",
    "title": "заказ по городу",
    "content": "Березино Гаваи, Свадьба <hr> Время сбора ",
    "class": "inVinn"
  },
  {
    "date": "1/8/2015",
    "title": "2 заказа по городу",
    "content": " ПРЕСТИЖ ХОЛЛ ОМ Гранд, Свадьба <hr> ГОСТЕВИЯ ОМ Прайм, Свадьба <hr> Время сбора НЕОПРЕДЕЛЕНО",
    "class": "doubleVinn"
  },
  {
    "date": "2/8/2015",
    "title": "заказ по городу",
    "content": " ПРЕСТИЖ ХОЛЛ ОМ Гранд, Свадьба <hr> Время сбора НЕОПРЕДЕЛЕНО",
    "class": "inVinn"
  },
  {
    "date": "7/8/2015",
    "title": "2 заказа по городу",
    "content": " Гостевия ОМ Прайм, Свадьба <hr> Сказка ОМ Гранд, Свадьба <hr> Время сбора НЕОПРЕДЕЛЕНО",
    "class": "doubleVinn"
  },
  {
    "date": "8/8/2015",
    "title": "3 заказа по городу",
    "content": " Сутиски Магнат ОМ Прайм, Свадьба <hr> Дубовый гай ОМ Гранд, Свадьба <hr> Сказка ОМ Гранд, Свадьба <hr> Время сбора НЕОПРЕДЕЛЕНО",
    "class": "doubleVinn"
  },
  {
    "date": "9/8/2015",
    "title": "2 заказа за городом",
    "content": "Гостевия ОМ Прайм, Свадьба <hr> Литын ОМ Прайм, Свадьба <hr> Время сбора ХЗ",
    "class": "doubleOutDor"
  },
  {
    "date": "15/8/2015",
    "title": "заказ на ооочень далеком выезде",
    "content": " Балта байкеры, Гаваи,  <hr> Время сбора НаЕОПРЕДЕЛЕНО",
    "class": "inVinn"
  },
  {
    "date": "22/8/2015",
    "title": "заказ за городом",
    "content": "Бердичев ОМ Прайм, Свадьба <hr> Время сбора ХЗ",
    "class": "outDor"
  },
  {
    "date": "23/8/2015",
    "title": "заказ по городу",
    "content": "Гостевия ОМ Прайм, Свадьба <hr> Время сбора в  ",
    "class": "inVinn"
  },
  {
    "date": "29/8/2015",
    "title": "заказ за городом",
    "content": "Стрижевка ОМ Гранд, Свадьба <hr> Время сбора ХЗ",
    "class": "outDor"
  },
  {
    "date": "5/9/2015",
    "title": "заказ по городу",
    "content": "МЕД ПОДИЛЛЯ ОМ Гранд, Свадьба <hr> Время сбора в 18:30 ",
    "class": "inVinn"
  },
  {
    "date": "6/9/2015",
    "title": "заказ по городу",
    "content": "Гостевия ОМ Гранд, Свадьба <hr> Время сбора в НЕОПРЕДЕЛЕННО ",
    "class": "inVinn"
  },
  {
    "date": "12/9/2015",
    "title": "заказ по городу",
    "content": "Вагнес ОМ Гранд, Свадьба <hr> Время сбора в НЕОПРЕДЕЛЕННО ",
    "class": "inVinn"
  },
  {
    "date": "13/9/2015",
    "title": "2 заказа по городу",
    "content": "Гостевия  ОМ Прайм, Свадьба <hr>  Тропиканка Гаваи <hr> Время сбора НЕОПРЕДЕЛЕННО ",
    "class": "doubleVinn"
  },
  {
    "date": "26/9/2015",
    "title": "заказ за городом",
    "content": "Мур-Кур ОМ Прайм<hr> Время сбора в ХЗ ",
    "class": "outDor"
  }
]